Sr No,Program Name,URL,Workout Type,Training Level,Program Duration,Days Per Week,Time Per Workout,Equipment Required,Target Gender
1,15 Minute Core Conditioning Workout,https://www.muscleandstrength.com/workouts/15-minute-core-conditioning-workout,Single Muscle Group,Beginner,8 weeks,3,15 minutes,Bodyweight,Male & Female
2,Field Manual Training Guide Limited Equipment,https://www.muscleandstrength.com/workouts/field-manual-training-guide-limited-equipment,Split,Beginner,8 weeks,4,45 minutes,"Bands, Bodyweight, Dumbbells",Male & Female
3,Bulldozer Training 3 Day Workout Split,https://www.muscleandstrength.com/workouts/bulldozer-training-3-day-workout-split,Split,Intermediate,8 weeks,3,30-45 minutes,"Barbell, Bodyweight, Dumbbells, EZ Bar, Machines",Male
4,8 Week Hit3 Home Workout,https://www.muscleandstrength.com/workouts/8-week-hit3-home-workout,Split,Intermediate,8 weeks,3,60-75 minutes,"Bands, Barbell, Bodyweight, Dumbbells",Male & Female
5,5 Day Home Muscle Building Workout,https://www.muscleandstrength.com/workouts/5-day-home-muscle-building-workout,Split,Beginner,10 weeks,5,30-60 minutes,"Bands, Barbell, Bodyweight, Dumbbells",Male & Female
6,Single Pair Dumbbell Bodyweight Workout,https://www.muscleandstrength.com/workouts/single-pair-dumbbell-bodyweight-workout,Split,Beginner,6 weeks,4,30-60 minutes,Bodyweight,Male & Female
7,2 At Home Circuit Workouts For Women,https://www.muscleandstrength.com/workouts/2-at-home-circuit-workouts-for-women,Full Body,Beginner,15 weeks,3,30-60 minutes,Bodyweight,Male & Female
8,Fast Start 3 Day Kettlebell Workout Women,https://www.muscleandstrength.com/workouts/fast-start-3-day-kettlebell-workout-women,Full Body,Beginner,6 weeks,3,60-90 minutes,Kettle Bells,Female
9,Core Destroyer 8 Week Home Ab Workout,https://www.muscleandstrength.com/workouts/core-destroyer-8-week-home-ab-workout,Single Muscle Group,Beginner,8 weeks,2,10-20 minutes,"Bodyweight, Dumbbells",Male & Female
10,Muscle And Strength Womens Workout,https://www.muscleandstrength.com/workouts/muscle-and-strength-womens-workout,Split,Beginner,12 weeks,5,45-60 minutes,"Barbell, Bodyweight, Cables, Dumbbells, EZ Bar, Machines",Female
11,6 Day Dumbbell Only Workout,https://www.muscleandstrength.com/workouts/6-day-dumbbell-only-workout,Split,Intermediate,12 weeks,6,45-70 minutes,Dumbbells,Male & Female
12,3 Day Full Body Kettlebell Workout,https://www.muscleandstrength.com/workouts/3-day-full-body-kettlebell-workout,Full Body,Beginner,4 weeks,3,20-45 minutes,Kettle Bells,Male & Female
13,4 Day At Home Womens Workout,https://www.muscleandstrength.com/workouts/4-day-at-home-womens-workout,Full Body,Beginner,8 weeks,4,30-40 minutes,"Bands, Bodyweight, Dumbbells",Female
14,Drop 5 Home Workout 4 Day Plan,https://www.muscleandstrength.com/workouts/drop-5-home-workout-4-day-plan,Split,Intermediate,9 weeks,4,30-45 minutes,"Barbell, Bodyweight, Dumbbells",Male & Female
15,Band Only Muscle Building Workout,https://www.muscleandstrength.com/workouts/band-only-muscle-building-workout,Split,Beginner,4 weeks,3,30-45 minutes,"Bands, Bodyweight",Male & Female
16,Muscle Strength Full Body Workout Routine,https://www.muscleandstrength.com/workouts/muscle-strength-full-body-workout-routine,Full Body,Beginner,12 weeks,3,45-60 minutes,"Barbell, Bodyweight, Dumbbells",Male & Female
17,3 Day Kettlebell Bodyweight,https://www.muscleandstrength.com/workouts/3-day-kettlebell-bodyweight,Split,Beginner,4 weeks,3,45 minutes,"Bodyweight, Kettle Bells",Male & Female
18,3 Day Full Body Dumbbell Workout,https://www.muscleandstrength.com/workouts/3-day-full-body-dumbbell-workout,Full Body,Beginner,8 weeks,3,25-30 minutes,Dumbbells,Male & Female
19,Total Package Workout,https://www.muscleandstrength.com/workouts/total-package-workout,Full Body,Intermediate,8 weeks,3,75-90 minutes,"Barbell, Bodyweight, Cables, Dumbbells",Male & Female
20,6 Day Powerbuilding Split Meal Plan,https://www.muscleandstrength.com/workouts/6-day-powerbuilding-split-meal-plan,Split,Intermediate,12 weeks,6,45-60 minutes,"Barbell, Bodyweight, Dumbbells, Machines",Male & Female
21,Core Strength Fat Burn Workout,https://www.muscleandstrength.com/workouts/core-strength-fat-burn-workout,Full Body,Intermediate,6 weeks,6,45-60 minutes,"Barbell, Bodyweight, Dumbbells, Other",Male & Female
22,Summer Shape Up Womens Home Workout,https://www.muscleandstrength.com/workouts/summer-shape-up-womens-home-workout,Split,Beginner,6 weeks,5,30 minutes,"Bands, Barbell, Bodyweight, Dumbbells",Female
23,Full Body Kettlebell Circuit Workout,https://www.muscleandstrength.com/workouts/full-body-kettlebell-circuit-workout,Full Body,Beginner,8 weeks,3,15-60 minutes,"Bodyweight, Kettle Bells",Male & Female
24,20 Minute At Home Full Body Workout,https://www.muscleandstrength.com/workouts/20-minute-at-home-full-body-workout,Full Body,Beginner,6 weeks,3,20 minutes,"Bodyweight, Dumbbells, Kettle Bells, Other",Male & Female
25,Band Barbell Workout,https://www.muscleandstrength.com/workouts/band-barbell-workout,Split,Beginner,8 weeks,3,30 minutes,"Bands, Barbell, Bodyweight",Male & Female
26,3 Day At Home Womens Workout,https://www.muscleandstrength.com/workouts/3-day-at-home-womens-workout,Full Body,Beginner,4 weeks,3,30-45 minutes,"Bands, Bodyweight, Dumbbells",Female
27,Dumbbell Only Upper Lower Workout Routine,https://www.muscleandstrength.com/workouts/dumbbell-only-upper-lower-workout-routine,Split,Beginner,12 weeks,4,45-60 minutes,"Bodyweight, Dumbbells",Male & Female
28,Conditioning Comeback 8 Week Conditioning Workout,https://www.muscleandstrength.com/workouts/conditioning-comeback-8-week-conditioning-workout,Split,Beginner,8 weeks,3,40-60 minutes,"Bands, Dumbbells",Male & Female
29,Body God Complete Bodyweight Muscle Building Plan,https://www.muscleandstrength.com/workouts/body-god-complete-bodyweight-muscle-building-plan,Full Body,Beginner,4 weeks,4,30-60 minutes,Bodyweight,Male & Female
30,Calisthenics Workout To Improve Performance,https://www.muscleandstrength.com/workouts/calisthenics-workout-to-improve-performance,Full Body,Beginner,12 weeks,2,25-35 minutes,Bodyweight,Male & Female
31,6 Exercise Home Dumbbell Leg Workout,https://www.muscleandstrength.com/workouts/6-exercise-home-dumbbell-leg-workout,Single Muscle Group,Beginner,8 weeks,1,45-60 minutes,Dumbbells,Male & Female
32,Upper Lower Bodyweight Split,https://www.muscleandstrength.com/workouts/upper-lower-bodyweight-split,Split,Beginner,0 weeks,4,45 minutes,"Bodyweight, Other",Male & Female
33,10 Minute Home Upper Body Workouts,https://www.muscleandstrength.com/workouts/10-minute-home-upper-body-workouts,Split,Beginner,6 weeks,3,10 minutes,"Bands, Bodyweight",Male & Female
34,Limited Equipment Home Workout,https://www.muscleandstrength.com/workouts/limited-equipment-home-workout,Split,Beginner,4 weeks,5,30-60 minutes,"Bands, Barbell, Bodyweight, Dumbbells",Male & Female
35,4 Week Complete Kettlebell Ab Workout,https://www.muscleandstrength.com/workouts/4-week-complete-kettlebell-ab-workout,Full Body,Beginner,4 weeks,3,25-45 minutes,Kettle Bells,Male & Female
36,Upper Lower Kettlebell Workout,https://www.muscleandstrength.com/workouts/upper-lower-kettlebell-workout,Split,Beginner,6 weeks,4,45-60 minutes,Kettle Bells,Male & Female
37,Total Body Torcher,https://www.muscleandstrength.com/workouts/total-body-torcher,Full Body,Beginner,8 weeks,3,45 minutes,"Bodyweight, Dumbbells",Male & Female
38,Punisher Better Body Muscle Building Workout,https://www.muscleandstrength.com/workouts/punisher-better-body-muscle-building-workout,Full Body,Intermediate,6 weeks,3,30-45 minutes,"Bodyweight, Dumbbells, Other",Male & Female
39,Take It Stairs Workout,https://www.muscleandstrength.com/workouts/take-it-stairs-workout,Split,Beginner,6 weeks,1,30-45 minutes,Bodyweight,Female
41,6 Week Bodyweight Only Workout,https://www.muscleandstrength.com/workouts/6-week-bodyweight-only-workout,Full Body,Beginner,6 weeks,3,20-35 minutes,Bodyweight,Male & Female
42,5 Day Dumbbell Only Workout Split,https://www.muscleandstrength.com/workouts/5-day-dumbbell-only-workout-split,Split,Intermediate,12 weeks,5,45-60 minutes,"Bodyweight, Dumbbells",Male & Female